wavelength,intensity
252.76670433,0.11139085984588348
253.1796247,0.02868696116578917
253.59257742,0.06912336919203454
254.00556244,0.010681315327687457
254.4185797,0.06286717021439081
254.83162915,0.0772106507972854
255.24471075,0.06561379415579438
255.65782443,0.05111772335393283
256.07097014,0.02746623941405346
256.48414784,0.04455634393835517
256.89735746,0.046845197222859625
257.31059895,0.07736324101625236
257.72387227,0.09781033035782549
258.13717735,0.17074845502403235
258.55051415,0.04638742656595696
258.96388261,0.02578774700541686
259.37728268,0.018463416495002605
259.79071431,0.08102540627145949
260.20417744,0.05737392233158012
260.61767202,0.04287785152971857
261.03119799,0.08331425955596394
261.44475532,0.00930800335698656
261.85834393,0.05386434729533818
262.27196378,0.0498970016021989
262.68561482,0.095674067292288
263.09929699,-0.017853055619136526
263.51301024,0.09781033035782372
263.92675451,0.06775005722133187
264.34052976,0.10574502174410583
264.75433593,0.13962005035477176
265.16817296,0.11230640115968527
265.58204082,-0.026398107881284716
265.99593943,0.04486152437628732
266.40986875,0.11505302510109061
266.82382872,0.08590829327840055
267.2378193,0.039826047150379296
267.65184043,0.08499275196460054
268.06589206,0.14587624933241905
268.47997413,0.13366903181506018
268.89408659,0.09719996948195764
269.30822938,0.051422903791868535
269.72240246,0.11337453269245401
270.13660578,0.00915541313801782
270.55083927,0.0828564888990595
270.96510289,-0.018616006713971345
271.37939658,0.070496681162739
271.79372029,0.13763637750820124
272.20807396,0.08224612802319342
272.62245755,0.1078812848096451
273.03687101,0.05264362554360247
273.45131426,0.0012207217517357094
273.86578728,0.06347753109025689
274.28028999,-0.015716792553595482
274.69482236,0.08499275196460054
275.10938432,-0.019378957808804387
275.52397582,-0.039826047150379296
275.93859682,0.088197146562905
276.35324725,-0.04196231021591501
276.76792706,0.05386434729533818
277.18263621,-0.04013122758831145
277.59737463,0.1062027924010085
278.01214228,0.013122758831158876
278.4269391,0.05630579079880782
278.84176504,0.07568474860761398
279.25662004,0.05508506904707566
279.67150406,0.06988632028686936
280.08641704,0.08072022583352378
280.50135892,-0.008392462043183002
280.91632966,0.08743419546806841
281.33132921,0.03677424277104002
281.74635749,0.05050736247806675
282.16141448,0.10452429999237012
282.5765001,0.10193026626992996
282.99161432,0.070496681162739
283.40675707,0.05859464408331405
283.82192831,0.10772869459067635
284.23712797,0.01831082627603564
284.65235601,0.06546120393682742
285.06761238,0.005951018539711583
285.48289702,0.0276188296330222
285.89820988,0.1162737468528281
286.3135509,0.045014114595254284
286.72892003,0.03845273517967662
287.14431722,0.06759746700236491
287.55974242,0.07537956816968006
287.97519558,0.012512397955292798
288.39067663,-0.05020218204012927
288.80618553,0.09323262378881658
289.22172223,0.10193026626993174
289.63728667,0.005188067444876765
290.05287879,-0.005035477225908025
290.46849855,0.09353780422674873
290.8841459,0.059662775616084573
291.29982077,0.03204394598306237
291.71552312,0.05767910276951049
292.13125289,0.037842374303805215
292.54701004,0.03280689707789719
292.9627945,0.010681315327687457
293.37860622,0.088197146562905
293.79444516,0.027924010070954353
294.21031126,0.029907682917526657
294.62620446,0.10742351415274243
295.04212472,0.09338521400778355
295.45807197,0.1313801785305575
295.87404617,0.06912336919203277
296.29004727,0.05554283970397478
296.7060752,0.12237735561150664
297.12212993,0.023346303501945442
297.53821138,0.08163576714732557
297.95431952,-0.003662165255207128
298.37045429,-0.015106431677729404
298.78661564,0.008239871824214262
299.20280351,-0.046845197222859625
299.61901784,0.112458991378654
300.0352586,0.09094377050431213
300.45152572,0.025024795910582043
300.86781915,0.060730907148849766
301.28413884,0.08651865415427018
301.70048473,0.10131990539406388
302.11685677,0.009765774013885675
302.53325492,0.020599679560540096
302.94967911,0.1365682459754325
303.36612929,-0.015259021896696368
303.78260541,-0.035858701457236464
304.19910742,0.06988632028686759
304.61563526,0.050049591821164086
305.03218889,-0.014190890363925845
305.44876824,0.04272526131074983
305.86537327,0.059662775616084573
306.28200392,0.08514534218356573
306.69866014,0.09582665751125141
307.11534188,0.09231708247501302
307.53204908,0.011444266422522276
307.94878169,0.063019760433356
308.36553965,0.017547875181200823
308.78232292,0.03631647211413558
309.19913144,0.04531929503318999
309.61596517,0.0839246204318318
310.03282403,0.025177386129549006
310.44970799,0.13046463721675572
310.86661699,0.08270389868009609
311.28355097,0.03830014496070966
311.70050989,-0.000915541313801782
312.11749369,0.11413748378728883
312.53450231,0.1078812848096451
312.95153571,0.004119935912109796
313.36859383,0.06485084306095956
313.78567662,0.05203326466773639
314.20278403,0.024719615472649892
314.61991599,0.03006027313649362
315.03707247,0.04928664072632927
315.4542534,0.06515602349889527
315.87145874,-0.024567025253681152
316.28868843,0.030823224231326662
316.70594241,0.023346303501943666
317.12322064,0.12771801327535037
317.54052307,0.11764705882353077
317.95784963,0.041504539559015896
318.37520027,0.08056763561455682
318.79257495,-0.006713969634544625
319.20997361,0.07110704203860685
319.62739619,0.021515220874341878
320.04484265,0.05310139620050336
320.46231293,0.05325398641947032
320.87980698,0.054627298390172996
321.29732474,0.042725261310751605
321.71486617,0.0454718852521534
322.1324312,0.10345616845960137
322.55001979,0.07904173342488718
322.96763188,-0.010223544670788343
323.38526742,0.014801251239797253
323.80292636,0.053559166857406026
324.22060864,0.05035477225909801
324.63831421,0.0733958953231113
325.05604302,0.07660028992141754
325.47379502,0.09933623254749513
325.89157015,0.10803387502861028
326.30936836,-0.02731364919508472
326.72718959,-0.041351949340047156
327.14503379,0.04745555809872748
327.56290092,-0.004882887006942838
327.98079091,0.1004043640802621
328.39870372,0.00473029678797765
328.81663929,-0.009765774013885675
329.23459757,-0.02532997634851597
329.6525785,0.06515602349889527
330.07058203,0.10238803692683263
330.48860811,0.010376134889751754
330.90665669,0.014343480582894585
331.32472772,0.042572671091782865
331.74282113,0.003356984817273201
332.16093688,0.05859464408331405
332.57907491,0.05294880598153817
332.99723518,0.05767910276951227
333.41541762,0.06790264744029884
333.83362219,0.02319371328297848
334.25184883,0.017242694743266895
334.67009749,0.05416952773327388
335.08836812,0.031280994888227553
335.50666066,0.012970168612191912
335.92497506,-0.06866559853513365
336.34331127,0.08590829327840055
336.76166923,0.02014190890364098
337.1800489,-0.06942854962996847
337.59845021,0.1495384145876244
338.01687312,-0.03906309605554448
338.43531757,0.06210421911955599
338.85378351,0.024261844815747224
339.27227088,0.025635156786449897
339.69077964,0.03189135576409363
340.10930973,-0.00915541313801782
340.5278611,0.02639810788128294
340.9464337,-0.0013733119707008967
341.36502746,0.08422980086976573
341.78364234,0.036011291676205204
342.20227829,0.1490806439307253
342.62093525,-0.0030518043793392735
343.03961317,0.04287785152971857
343.458312,0.10696574349584331
343.87703168,0.06027313649195065
344.29577217,0.035553521019302536
344.7145334,0.023193713282980255
345.13331532,0.0677500572213301
345.55211789,-0.012512397955292798
345.97094104,0.01449607080186155
346.38978474,0.016174563210499926
346.80864891,0.07766842145418451
347.22753351,0.041351949340047156
347.64643849,0.05813687342641494
348.0653638,0.07309071488517382
348.48430938,0.025177386129549006
348.90327517,0.030518043793392735
349.32226113,0.05035477225909801
349.7412672,0.005645838101779432
350.16029333,0.10482948043030582
350.57933946,0.05127031357290157
350.99840555,0.06195162890058725
351.41749154,0.04089417868314449
351.83659738,-0.05584802014191048
352.25572301,0.01709010452429993
352.67486838,-0.025787747005415085
353.09403344,0.09094377050431213
353.51321813,0.09445334554055052
353.93242241,-0.009765774013885675
354.35164621,0.08712901503013804
354.77088949,0.07019150072480329
355.1901522,0.08392462043183002
355.60943427,0.07736324101625236
356.02873567,0.015869382772564222
356.44805632,0.063019760433356
356.86739619,-0.017547875181200823
357.28675522,0.009918364232852639
357.70613335,0.046692607003890885
358.12553053,0.014648661020828513
358.54494671,0.020447089341571356
358.96438184,0.02639810788128294
359.38383587,0.0289921416037231
359.80330873,0.035095750362401645
360.22280038,0.002441443503471419
360.64231076,-0.06363012130922385
361.06183983,0.12237735561150664
361.48138752,0.08422980086976573
361.9009538,0.022430762188145437
362.32053859,0.06103608758678547
362.74014185,-0.010986495765621385
363.15976353,-0.02624551766231953
363.57940357,0.07843137254901933
363.99906192,0.06363012130922385
364.41873853,-0.005798428320742843
364.83843335,0.016937514305334744
365.25814632,0.12161440451667183
365.67787738,0.07995727473868719
366.09762649,0.05981536583505154
366.5173936,0.0923170824750148
366.93717864,0.03646906233310432
367.35698157,0.05081254291599713
367.77680233,0.06713969634546402
368.19664088,0.05325398641947032
368.61649715,0.04348821240558465
369.0363711,0.035706111238267724
369.45626266,0.03082322423132844
369.8761718,0.026703288319218643
370.29609845,0.07110704203860685
370.71604257,0.13244831006332447
371.1360041,0.043335622186617684
371.55598298,0.00915541313801782
371.97597917,0.0039673456931410556
372.3959926,0.09048599984740768
372.81602324,0.1910429541466403
373.23607102,0.040283817807276634
373.65613589,0.003814755474174092
374.0762178,0.0390630960555427
374.4963167,0.050812542915998904
374.91643253,0.08865491721980767
375.33656524,0.012664988174257985
375.75671478,0.10162508583199958
376.17688109,-0.009918364232852639
376.59706412,0.02639810788128294
377.01726382,0.040436408026245374
377.43748014,0.06836041809719973
377.85771302,0.07415884641794435
378.2779624,0.026398107881284716
378.69822825,0.13534752422369856
379.11851049,0.0834668497749309
379.53880909,0.07583733882658272
379.95912398,0.0025940337224383825
380.37945512,-0.011291676203553536
380.79980245,0.08224612802319342
381.22016592,0.11581597619592543
381.64054547,0.023193713282980255
382.06094106,0.07766842145418451
382.48135262,-0.018768596932936532
382.90178011,0.018158236057068677
383.32222348,0.0498970016021989
383.74268266,0.0852979324025327
384.16315761,0.059205004959181906
384.58364828,0.05477988860913996
385.00415461,0.08636606393530322
385.42467654,0.1145952544441915
385.84521403,0.0030518043793392735
386.26576703,0.12329289692530665
386.68633547,0.06622415503166224
387.10691931,0.06790264744029884
387.52751849,0.07827878233005237
387.94813297,0.04638742656595696
388.36876268,0.05325398641947032
388.78940758,0.1751735713740743
389.2100676,0.10513466086823797
389.63074271,0.044251163500419466
390.05143284,0.10330357824063618
390.47213795,0.15777828641184044
390.89285797,0.11535820553902632
391.31359286,0.08728160524910322
391.73434257,0.12802319371328252
392.15510703,0.07324330510414256
392.57588621,0.11306935225452008
392.99668003,0.1516746776531619
393.41748846,0.16159304188601453
393.83831144,0.12573434042877807
394.25914892,0.10757610437171117
394.68000083,0.1411459525444414
395.10086714,0.12039368276493434
395.52174778,0.07492179751278094
395.94264271,0.08697642481117107
396.36355187,0.1939421683070126
396.78447521,0.10055695429922906
397.20541267,0.15594720378423865
397.6263642,0.15594720378423865
398.04732975,0.14587624933241905
398.46830927,0.19439993896391172
398.8893027,0.11795223926146292
399.31030999,0.19897764553292063
399.73133109,0.21744106202792324
400.15236594,0.12893873502708608
400.5734145,0.2369726100556946
400.9944767,0.21927214465552858
401.41555249,0.22171358815899822
401.83664183,0.20462348363470007
402.25774466,0.29541466392004345
402.67886092,0.2528419928282606
403.09999057,0.24750133516441686
403.52113355,0.25726710917830253
403.9422898,0.37201495384145744
404.36345928,0.298161287861447
404.78464193,0.27023727779049445
405.2058377,0.30289158464942467
405.62704653,0.35172045471885127
406.04826838,0.36926832990005387
406.46950318,0.3633173113603423
406.8907509,0.3918516823071627
407.31201146,0.33707179369802276
407.73328482,0.4637216754406044
408.15457094,0.5365072098878478
408.57586974,0.473792629892424
408.99718119,0.520180056458381
409.41850523,0.4856946669718454
409.8398418,0.44174868390935984
410.26119085,0.607309071488519
410.68255234,0.6140230411230636
411.1039262,0.5554283970397496
411.52531238,0.6517128252079054
411.94671084,0.7212939650568408
412.36812151,0.6868085755703071
412.78954435,0.7072556649118802
413.21097929,0.7122911421377882
413.6324263,0.7643244068055228
414.05388531,0.7606622415503157
414.47535628,0.7812619211108558
414.89683914,0.7820248722056906
415.31833385,0.7135118638895239
415.73984036,0.8287174792095833
416.1613586,0.8520637827115269
416.58288854,0.9680323491264193
417.00443011,1.0037384603646888
417.42598326,0.9076066224155017
417.84754793,0.9739833676661309
418.26912409,1.0383764400701914
418.69071167,1.0736247806515617
419.11231061,1.0492103456168476
419.53392088,1.1679255359731435
419.9555424,1.1967650873578997
420.37717514,1.3270771343556884
420.79881904,1.2887769893949805
421.22047404,1.2803845273517975
421.64214009,1.2254520485236906
422.06381715,1.3685816739147008
422.48550514,1.345845731288625
422.90720404,1.307698176546884
423.32891377,1.4441138323033478
423.75063429,1.3449301899748214
424.17236554,1.3646143282215597
424.59410747,1.492484931715877
425.01586003,1.5237659266041064
425.43762317,1.5429922941939438
425.85939683,1.552300297550925
426.28118095,1.710994125276569
426.7029755,1.6864271000228896
427.1247804,1.7460898756389707
427.54659562,1.7558556496528581
427.9684211,1.858548867017623
428.39025677,1.9357595178149083
428.8121026,1.8384069581139837
429.23395853,2.102388036926831
429.6558245,2.0154116121156616
430.07770047,2.0862134737163345
430.49958638,2.182497901884487
430.92148217,2.135194934004728
431.34338779,2.3349355306324853
431.76530319,2.3703364614328226
432.18722833,2.431982909895476
432.60916313,2.4074158846417966
433.03110756,2.5473411154345005
433.45306156,2.503089951934081
433.87502507,2.625009536888685
434.29699804,2.7017624170290695
434.71898043,2.6198214694438082
435.14097217,2.7658503089951942
435.56297321,2.967879758907454
435.9849835,2.8465705348287162
436.40700299,2.7766842145418487
436.82903163,3.1233691920347884
437.25106936,3.024185549706262
437.67311612,3.0160982681010147
438.09517188,3.296559090562292
438.51723656,3.252765697718779
438.93931012,3.2748912794689886
439.36139252,3.3603418020904883
439.78348368,3.4193942168307014
440.20558356,3.508659494926375
440.62769212,3.5446707866025804
441.04980928,3.580071717402916
441.47193501,3.580834668497751
441.89406925,3.698176546883344
442.31621195,3.693598840314337
442.73836304,3.8274204623483623
443.16052249,3.9934386205844206
443.58269023,3.9060044251163486
444.00486622,3.9134813458457316
444.4270504,4.001525902189668
444.84924271,4.054627298390173
445.27144311,4.289005874723431
445.69365154,4.241092545967804
446.11586796,4.198062104219122
446.53809229,4.446021210040438
446.9603245,4.35599298084993
447.38256453,4.464637216754406
447.80481233,4.388494697489891
448.22706784,4.522621499961852
448.64933101,4.499732967116808
449.0716018,4.681010147249562
449.49388013,4.668192568856336
449.91616597,4.605020218204013
450.33845925,4.662241550316624
450.76075994,4.714885175860227
451.18306796,4.728313115129321
451.60538328,4.783703364614329
452.02770583,4.700694285496301
452.45003557,4.6944380865186535
452.87237244,4.6942854962996865
453.29471638,4.674601358052948
453.71706736,4.656443121995881
454.1394253,4.758678568703747
454.56179016,4.696726939803158
454.98416189,4.588693064774549
455.40654044,4.563363088426033
455.82892574,4.619211108567942
456.25131775,4.372930495155261
456.67371642,4.299687190051115
457.09612168,4.380407415884644
457.5185335,4.308079652094301
457.94095181,4.327000839246207
458.36337656,4.233920805676355
458.7858077,4.122987716487371
459.20824518,4.128786144808116
459.63068894,4.0775158312352175
460.05313894,4.040436408026244
460.47559511,3.8466468299381997
460.8980574,3.929808499275195
461.32052577,3.8611429007400613
461.74300015,3.7375448233768207
462.1654805,3.757991912718394
462.58796677,3.525444419012741
463.01045889,3.483787289234762
463.43295682,3.4851606012054646
463.8554605,3.6037232013427953
464.27796988,3.3940642404821855
464.70048491,3.4033722438391703
465.12300554,3.3983367666132622
465.54553171,3.2787060349431627
465.96806336,3.148851758602273
466.39060046,3.28328374151217
466.81314293,3.146257724879833
467.23569074,3.125658045319293
467.65824382,3.1439688715953285
468.08080212,3.081712062256809
468.5033656,3.037003128099487
468.92593419,2.988784618905928
469.34850785,2.9471274891279453
469.77108652,3.0681315327687493
470.19367015,2.953078507667657
470.61625869,2.8618295567254144
471.03885208,2.8238345922026404
471.46145026,2.881666285191118
471.8840532,2.876478217746243
472.30666083,2.6654459449149304
472.7292731,2.7818722819867254
473.15188996,2.695506218051422
473.57451135,2.6713969634546437
473.99713723,2.7113756008239864
474.41976753,2.6132600900282306
474.84240221,2.6364538033112073
475.26504122,2.654306858930344
475.68768449,2.650949874113069
476.11033198,2.6271457999542243
476.53298364,2.6601052872510866
476.9556394,2.658731975280384
477.37829923,2.5671778439002058
477.80096306,2.5535973144121478
478.22363084,2.6062409399557485
478.64630252,2.6437781338216233
479.06897805,2.6065461203936824
479.49165737,2.5343709468223086
479.91434043,2.7237354085603123
480.33702718,2.531929503318837
480.75971757,2.6480506599526965
481.18241153,2.641184100099183
481.60510902,2.4550240329594875
482.02780999,2.47608148317693
482.45051438,2.4875257495994525
482.87322214,2.4995803768978426
483.29593322,2.352635996032655
483.71864756,2.5703822384985138
484.14136511,2.5503929198138398
484.56408582,2.567025253681239
484.98680963,2.6729228656443134
485.40953649,2.6468299382009626
485.83226635,2.649271381704434
486.25499916,2.7780575265125513
486.67773486,2.7385366598001077
487.1004734,2.791638056000611
487.52321473,2.6770428015564196
487.94595879,2.8407721065079734
488.36870553,2.7710383764400692
488.7914549,2.858930342565042
489.21420684,2.9875638971541907
489.63696131,2.9373617151140614
490.05971824,2.924086366063934
490.48247759,3.0934615091172635
490.90523931,2.989394979781796
491.32800333,3.077286945906767
491.75076961,3.282825970855269
492.17353809,3.220874341954678
492.59630872,3.2587167162584905
493.01908145,3.3264667734798206
493.44185623,3.437705043106737
493.864633,3.462577248798354
494.28741171,3.4911116197451744
494.7101923,3.5783932249942794
495.13297472,3.688868543526361
495.55575893,3.8287937743190668
495.97854486,3.8680094605935746
496.40133247,3.8521400778210104
496.8241217,4.10894941634241
497.24691249,4.199282825970855
497.6697048,4.244754711223008
498.09249858,4.32104982070649
498.51529376,4.511635004196233
498.9380903,4.478522926680402
499.36088814,4.613412680247196
499.78368723,4.790417334248874
500.20648752,4.9420920119020355
500.62928895,5.1555657282368195
501.05209148,5.290760662241551
501.47489504,5.353627832455942
501.89769958,5.232928969253072
502.32050506,5.584039063096057
502.74331142,5.833066300450142
503.16611861,5.770046540016784
503.58892657,6.085145342183564
504.01173524,6.223239490348666
504.43454459,6.2909895475700015
504.85735455,6.452429999237049
505.28016507,6.566109712367439
505.7029761,6.723887998779279
506.12578759,6.992599374380104
506.54859947,7.098191805905239
506.97141171,7.336232547493706
507.39422424,7.643549248493173
507.81703702,7.781185626001372
508.23984999,7.9526970321202395
508.66266309,8.249637598229954
509.08547628,8.358434424353401
509.5082895,8.557259479667353
509.9311027,8.571602960250248
510.35391583,8.839093614099337
510.77672882,9.034561684596015
511.19954164,9.324635690852217
511.62235423,9.61257343404288
512.04516652,9.797055008773937
512.46797848,9.687190051117724
512.89079005,10.222476539253835
513.31360117,10.429541466392005
513.73641179,10.563057907988098
514.15922186,10.737773708705273
514.58203132,10.990157930876629
515.00484013,11.046158541237507
515.42764823,11.273975738155185
515.85045557,11.499351491569392
516.27326209,12.020752269779505
516.69606774,12.194705119401844
517.11887247,12.440527962157626
517.54167622,12.474250400549327
517.96447894,12.744640268558786
518.38728059,13.26817730983444
518.8100811,13.26619363698787
519.23288042,13.702296482795452
519.6556785,13.505455100328069
520.07847529,14.043793392843517
520.50127073,13.775234607461664
520.92406478,14.450751506828412
521.34685737,14.49362935835813
521.76964846,15.094987411306933
522.19243799,15.334859235523005
522.61522591,15.059586480506598
523.03801216,15.821469443808652
523.4607967,15.901426718547341
523.88357947,16.219882505531395
524.30636041,15.93972686350805
524.72913948,16.500190737773707
525.15191662,16.571450370031283
525.57469178,16.763866636148624
525.9974649,16.968642710002285
526.42023594,17.032730601968414
526.84300483,17.24330510414282
527.26577153,17.918364232852674
527.68853599,17.767147325856413
528.11129814,17.79201953154803
528.53405794,17.893339436942092
528.95681534,18.3935301747158
529.37957028,18.503700312809947
529.8023227,18.651712825207902
530.22507257,18.902571145189597
530.64781981,19.058823529411768
531.07056438,19.26482032501717
531.49330623,19.345540550850693
531.9160453,19.7094682230869
532.33878155,19.73220416571298
532.76151491,20.027771419851987
533.18424533,20.113679713130388
533.60697277,20.516517891203172
534.02969717,20.470283054856182
534.45241847,20.832837415121688
534.87513662,20.51514457923247
535.29785157,21.162127107652402
535.72056327,21.140917067215995
536.14327167,21.308613717860688
536.5659767,21.523460746166172
536.98867832,21.570000762951096
537.41137648,21.97787441824979
537.83407112,22.161898222323945
538.25676218,21.993133440146487
538.67944962,22.029449912260624
539.10213339,22.243076218814373
539.52481342,22.56931410696574
539.94748968,23.024338139925234
540.37016209,22.81956206607157
540.79283062,23.565117875944154
541.2154952,23.488517586022738
541.63815579,23.685053788052187
542.06081233,23.49141680018311
542.48346477,23.861448081177997
542.90611305,24.000152590218967
543.32875713,24.20248722056916
543.75139695,24.432898451209276
544.17403245,24.332036316472113
544.59666359,24.382238498512244
545.01929031,25.211718928816666
545.44191256,24.717479209582663
545.86453028,25.149462119478144
546.28714343,25.058060578316933
546.70975194,25.421835660334175
547.13235577,25.05119401846342
547.55495487,25.422903791866943
547.97754917,25.632715342946515
548.40013863,25.986266880292973
548.82272319,26.2221713588159
549.24530281,26.070954451819638
549.66787742,26.625009536888683
550.09044698,26.528572518501562
550.51301143,26.48538948653391
550.93557072,26.86518654154269
551.3581248,26.933852140077825
551.78067361,27.18242160677501
552.2032171,27.071488517586026
552.62575522,27.505607690547038
553.04828791,27.638971541924164
553.47081512,27.543450064850845
553.8933368,27.89944304570077
554.3158529,27.856412603952087
554.73836336,27.744869153887237
555.16086813,27.999084458686198
555.58336715,28.229495689326313
556.00586038,28.16693369954986
556.42834776,28.259555962462805
556.85082923,28.548409246967267
557.27330475,28.764782177462422
557.69577427,28.766002899214165
558.11823772,28.577248798352024
558.54069505,29.33516441596094
558.96314622,28.9205767910277
559.38559117,28.740062561989777
559.80802984,28.98390173189899
560.23046219,29.490806439307242
560.65288816,29.353017471580074
561.0753077,29.019913023575192
561.49772075,29.374685282673383
561.92012726,29.55123216601816
562.34252718,29.43007553215839
562.76492046,29.504844739452203
563.18730704,29.73067826352331
563.60968687,29.661402304112308
564.0320599,29.555504692149235
564.45442607,29.885557335774777
564.87678533,29.78850995651179
565.29913763,29.819180590524148
565.72148291,29.608758678568705
566.14382113,29.831845578698406
566.56615222,29.766079194323645
566.98847614,30.426489662012663
567.41079283,29.505302510109104
567.83310225,30.125886930647745
568.25540433,29.344930189974825
568.67769902,29.90402075226978
569.09998627,29.690699626153965
569.52226604,30.02105745021744
569.94453825,29.643091477836272
570.36680287,30.07339589532311
570.78905984,29.815671015487908
571.21130911,29.809872587167163
571.63355061,29.542076752880142
572.05578431,29.483176928358894
572.47801015,29.273670557717253
572.90022807,29.564660105287253
573.32243802,30.06424048218509
573.74463994,29.547417410543986
574.1668338,29.416952773327232
574.58901952,29.383993286030368
575.01119707,29.47035934996567
575.43336638,29.55077439536126
575.8555274,29.28328374151217
576.27768009,29.15617608911269
576.69982438,29.113298237582974
577.12196023,29.250324254215307
577.54408757,28.73655298695354
577.96620637,29.089036392767227
578.38831656,28.995193408102544
578.81041809,29.21049820706493
579.23251092,28.826886396581983
579.65459498,28.935988403143362
580.07667022,28.672312504768446
580.49873659,28.771038376440075
580.92079404,28.93659876401923
581.34284252,28.661173418783854
581.76488196,28.264591439688715
582.18691233,28.408331425955595
582.60893356,28.409399557488364
583.0309456,27.978179598687724
583.4529484,28.059510185397116
583.87494191,28.312962539101242
584.29692607,27.797665369649806
584.71890084,27.85534447241932
585.14086615,27.46272983901732
585.56282195,27.603265430685894
585.9847682,27.273517967498286
586.40670484,27.5030136568246
586.82863181,27.494163424124512
587.25054906,27.181658655680174
587.67245654,27.148393987945376
588.0943542,27.47081712062257
588.51624199,26.703898680094603
588.93811984,26.786755168993672
589.35998772,26.267643244068054
589.78184555,26.58228427557794
590.2036933,26.354924849317158
590.62553091,26.21515220874342
591.04735833,25.930876630807965
591.46917549,26.244144350347142
591.89098236,26.179293507286182
592.31277887,25.420920119020373
592.73456498,25.947508964675364
593.15634063,25.926451514457924
593.57810577,25.081101701380945
593.99986034,25.722590981918056
594.42160429,24.957045853360803
594.84333757,25.75219348439765
595.26506013,24.668497749294268
595.68677191,24.828717479209587
596.10847286,24.503700312809947
596.53016293,24.89234760051881
596.95184207,24.230411230640115
597.37351021,24.484321355001143
597.79516731,24.072480354009308
598.21681332,23.7944609750515
598.63844818,23.998779278248264
599.06007184,23.85824368657969
599.48168424,23.50499732967117
599.90328534,23.597619592584117
600.32487508,23.246814679179067
600.7464534,23.054703593499656
601.16802026,22.588235294117652
601.5895756,23.12413214312963
602.01111937,23.033188372625318
602.43265152,22.749980926222634
602.85417198,22.650797283894107
603.27568072,22.48554207675288
603.69717767,22.228885328450446
604.11866279,21.940794995040818
604.54013602,22.258030060273136
604.9615973,21.831845578698406
605.38304659,21.86434729533837
605.80448383,21.45677882047761
606.22590896,21.44014648661021
606.64732195,21.19218738078889
607.06872272,20.899824521248192
607.49011124,21.078507667658503
607.91148744,20.739299610894946
608.33285128,20.546883344777598
608.7542027,20.352025635156785
609.17554164,20.281528953994048
609.59686806,20.117341878385595
610.0181819,19.588769359884033
610.43948311,19.144884412909136
610.86077163,19.414206149385826
611.28204742,19.260852979324028
611.70331042,18.978866254673076
612.12456057,18.7663080796521
612.54579783,18.701152056153205
612.96702213,18.443884946974897
613.38823344,18.23315785458152
613.80943169,18.185549706263828
614.23061683,17.989623865110246
614.65178881,17.88387884336614
615.07294758,17.607843137254903
615.49409308,16.865186541542688
615.91522526,17.26131074998093
616.33634407,16.85175860227359
616.75744945,16.635690852216374
617.17854135,16.623941405355914
617.59961972,16.517433432516977
618.0206845,16.447089341573207
618.44173565,16.232547493705653
618.86277311,15.842984664682994
619.28379682,16.004119935912108
619.70480673,15.78530556191348
620.1258028,15.621271076523994
620.54678496,15.694209201190205
620.96775316,15.22133211261158
621.38870736,15.261921110856795
621.8096475,14.675822079804682
622.23057352,14.604257267109178
622.65148537,14.62272068360418
623.072383,14.662394140535591
623.49326636,14.215762569619288
623.91413539,14.311284046692608
624.33499004,14.079957274738687
624.75583026,13.900358587014573
625.17665599,13.677119096665903
625.59746718,13.705958648050661
626.01826378,13.777370870527198
626.43904574,13.440909437705043
626.859813,13.376668955519952
627.28056551,13.211566338597699
627.70130322,13.37178606851301
628.12202606,13.178454261081866
628.542734,13.006790264744028
628.96342698,12.5639734493019
629.38410494,12.79011215381094
629.80476783,12.69718471046006
630.2254156,12.662699320973525
630.6460482,12.153505760280765
631.06666557,12.415503166247044
631.48726766,12.140688181887539
631.90785441,11.850614175631339
632.32842578,11.90493629358358
632.74898171,11.825589379720759
633.16952214,11.510643167772947
633.59004704,11.450217441062028
634.01055633,11.20500495918212
634.43104997,11.593499656672005
634.85152791,11.03379873350118
635.27199009,11.006942854962995
635.69243646,11.054093232623787
636.11286696,10.669413290608073
636.53328155,10.433203631647212
636.95368017,10.474402990768292
637.37406277,10.351415274280917
637.79442929,10.270847638666362
638.21477969,10.076752880140383
638.6351139,9.914244296940565
639.05543188,9.83108262760357
639.47573357,9.644312199588006
639.89601892,9.547112230106052
640.31628788,9.380178530556192
640.7365404,9.00572213321126
641.15677641,9.07408255130846
641.57699587,8.805981536583504
641.99719873,8.824444953078508
642.41738493,8.38513771267262
642.83755441,8.45944914930953
643.25770714,8.280460822461283
643.67784304,8.121309224078738
644.09796208,8.003051804379336
644.51806419,7.758297093156328
644.93814933,7.640039673456931
645.35821744,7.790646219577326
645.77826847,7.414053559166858
646.19830236,7.259937438010224
646.61831906,7.142137788967727
647.03831853,7.214770733196005
647.4583007,6.853742275120165
647.87826552,6.857404440375371
648.29821294,6.854657816433967
648.71814291,6.768902113374532
649.13805538,6.3991760128175805
649.55795028,6.517433432516977
649.97782758,6.39658197909514
650.3976872,6.250095368886855
650.81752912,6.131837949187455
651.23735326,6.170290684367135
651.65715957,6.025940337224386
652.07694801,5.826047150377663
652.49671852,5.890592813000685
652.91647105,5.827267872129395
653.33620555,5.864957656214237
653.75592195,5.743190661478598
654.17562021,5.544213015945678
654.59530028,5.619592584115356
655.0149621,5.431906614785991
655.43460562,5.479972533760586
655.85423079,5.16609445334554
656.27383755,5.22102693217365
656.69342585,5.166247043564507
657.11299563,5.087357900358585
657.53254686,5.013809414816508
657.95207946,4.983749141680018
658.37159339,4.853589684901197
658.7910886,4.8035400930800325
659.21056503,4.808575570305942
659.63002263,4.81681544213016
660.04946135,4.63935301747158
660.46888113,4.70817120622568
660.88828193,4.5925078202487235
661.30766367,4.376440070191501
661.72702633,4.339360646982529
662.14636984,4.237430380712597
662.56569414,4.224002441443506
662.98499919,4.018005645838102
663.40428493,4.03158617532616
663.82355132,4.017090104524298
664.24279829,4.043335622186616
664.66202579,3.888456549935146
665.08123378,3.8467994201571667
665.50042219,3.736934462500953
665.91959098,3.743953612573435
666.33874009,3.54711223010605
666.75786947,3.551384756237125
667.17697906,3.3849088273441676
667.59606882,3.291065842679485
668.01513869,3.48882276646067
668.43418861,3.3142595559624635
668.85321854,3.1647211413748373
669.27222842,3.231555657282369
669.6912182,3.1215381094071866
670.11018782,3.1081101701380955
670.52913724,3.0246433203631646
670.94806639,3.107957579919125
671.36697523,2.902265964751658
671.78586371,3.043717097734035
672.20473176,2.9623865110246417
672.62357934,2.8656443121995885
673.0424064,2.7650873579003594
673.46121287,2.835736629282062
673.87999872,2.8361943999389645
674.29876388,2.7898069733730058
674.7175083,2.7753109025711424
675.13623193,2.901350423437856
675.55493472,2.7263294422827506
675.97361661,2.6855878538185696
676.39227755,2.6816205081254285
676.81091749,2.7238879987792792
677.22953637,2.5668726634622736
677.64813415,2.742504005493247
678.06671076,2.7541008621347363
678.48526616,2.64133669031815
678.90380029,2.711680781261922
679.3223131,2.6604104676890223
679.74080454,2.6422522316319537
680.15927455,2.671549553673609
680.57772308,2.5967803463797967
680.99615008,2.6611734187838554
681.41455549,2.6062409399557485
681.83293927,2.7322804608224605
682.25130135,2.574349584191655
682.66964169,2.767681391622796
683.08796023,2.6776531624322857
683.50625692,2.7902647440299084
683.92453171,2.87754634927901
684.34278454,2.8831921873807875
684.76101537,2.9127946898603785
685.17922413,2.906843671320667
685.59741077,3.0131990539406424
686.01557525,3.011825741969938
686.4337175,3.051804379339286
686.85183749,3.045548180361637
687.26993514,3.0144197756923763
687.68801041,3.0936140993362304
688.10606325,3.1723506523231872
688.52409361,3.125047684443425
688.94210142,3.3685816739147043
689.36008665,3.36476691844053
689.77804923,3.337300679026475
690.19598911,3.493400473029679
690.61390624,3.715419241626611
691.03180056,3.551232166018158
691.44967203,3.584344243533989
691.86752059,3.7804226749065375
692.28534618,3.76974135957885
692.70314876,4.010528725108719
693.12092827,4.094453345540549
693.53868466,4.05416952773327
693.95641787,4.240024414435037
694.37412786,4.239414053559164
694.79181456,4.213931486991685
695.20947793,4.398565651941711
695.62711792,4.4496833752956455
696.04473446,4.515602349889372
696.46232751,4.566414892805373
696.87989702,4.67612726024262
697.29744292,4.692454413672085
697.71496518,4.6092927443350895
698.13246373,4.813458457312885
698.54993852,4.804455634393836
698.9673895,4.992904554818036
699.38481662,4.77500572213321
699.80221982,4.964522774090183
700.21959905,4.973830777447166
700.63695426,5.068894483863582
701.0542854,4.957351033798732
701.4715924,5.048447394522013
701.88887523,5.030136568245975
702.30613381,5.049668116273747
702.72336811,5.126420996414129
703.14057808,5.060196841382467
703.55776364,5.08369573510338
703.97492476,5.277027542534524
704.39206138,5.224231326771953
704.80917345,5.075608453498129
705.22626092,5.068894483863582
705.64332372,5.139391165026321
706.06036181,5.201800564583808
706.47737514,5.375448233768216
706.89436365,5.327992675669492
707.3113273,5.138780804150457
707.72826601,5.256427862973984
708.14517975,5.22407873655299
708.56206847,5.318684672312505
708.9789321,5.2521553368429075
709.39577059,5.134508278019377
709.8125839,5.167162584878307
710.22937196,5.155870908674752
710.64613473,5.080796520943011
711.06287216,5.252155336842909
711.47958418,5.181200885023271
711.89627075,5.129167620355533
712.31293182,5.226062409399555
712.72956732,5.2057679102769505
713.14617721,5.020523384451057
713.56276144,5.1387808041504535
713.97931995,5.193560692759597
714.39585269,5.272144655527583
714.8123596,5.061112382696269
715.22884064,5.099717708094911
715.64529575,5.120622568093385
716.06172487,4.966048676279851
716.47812796,4.998702983138779
716.89450496,4.732127870603495
717.31085582,4.739452201113908
717.72718048,4.698558022430763
718.1434789,4.808422980086977
718.55975101,4.611886778057526
718.97599677,4.697032120241092
719.39221612,4.529182879377434
719.80840902,4.587930113679715
720.2245754,4.598001068131532
720.64071521,4.421911955443656
721.05682841,4.268253604943926
721.47291493,4.406347753109028
721.88897473,4.294804303044177
722.30500775,4.353398947127491
722.72101395,4.397039749752043
723.13699325,4.317082475013354
723.55294562,4.299992370489054
723.968871,4.319066147859923
724.38476934,4.216983291371026
724.80064058,4.243991760128175
725.21648468,4.283360036621655
725.63230157,4.0578316929884775
726.04809121,4.044403753719386
726.46385354,4.197146562905321
726.87958851,4.177920195315481
727.29529606,4.145723659113452
727.71097615,4.167238879987792
728.12662872,4.12481879911498
728.54225372,4.140840772106511
728.95785109,4.224307621881438
729.37342079,3.8797589074540326
729.78896275,3.9653620202944992
730.20447693,3.9604791332875564
730.61996327,4.067902647440297
731.03542172,4.065003433279925
731.45085223,3.8728923476005193
731.86625474,4.0231937132829785
732.2816292,3.929503318837263
732.69697556,4.009613183794919
733.11229376,3.9993896391241304
733.52758375,4.009765774013884
733.94284549,3.9064621957732495
734.35807891,3.9809262226291278
734.77328396,4.00244144350347
735.18846059,3.9011215381094075
735.60360875,4.043030441748684
736.01872838,4.074311436636911
736.43381944,3.9900816357671456
736.84888186,4.005798428320745
737.2639156,3.9272144655527583
737.67892059,4.027466239414052
738.0938968,3.8852521553368433
738.50884417,3.82711528191043
738.92376263,3.950102998397803
739.33865215,3.7824063477531062
739.75351266,3.9320973525596994
740.16834412,3.8391699092088203
740.58314647,3.890897993438619
740.99791965,3.840695811398488
741.41266362,3.7509727626459153
741.82737833,3.866025787747004
742.24206371,3.7289997711146707
742.65671972,3.7576867322804617
743.0713463,3.790798809796291
743.4859434,3.6575875486381317
743.90051097,3.682612344548714
744.31504895,3.6655222400244156
744.7295573,3.7376974135957877
745.14403595,3.7250324254215315
745.55848486,3.6490424963759818
745.97290397,3.5069810025177386
746.38729323,3.5899900816357686
746.80165258,3.517051956969558
747.21598198,3.6330205233844506
747.63028137,3.492179751277945
748.0445507,3.6629282063019772
748.45878991,3.510032806897078
748.87299895,3.454795147631039
749.28717777,3.3893339436942114
749.70132632,3.371480888075075
750.11544454,3.2068360418097193
750.52953237,3.501029983978027
750.94358978,3.3612573434042883
751.3576167,3.2709239337758476
751.77161307,3.424429694056613
752.18557886,3.3096818493934546
752.599514,3.231555657282369
753.01341844,3.2217898832684835
753.42729213,3.1551079575799186
753.84113502,3.1287098496986356
754.25494705,3.0630960555428377
754.66872816,3.0656900892652796
755.08247832,3.0116731517509727
755.49619746,3.086900129701684
755.90988553,3.0608072022583332
756.32354247,3.0981918059052393
756.73716825,2.936293583581291
757.15076279,3.056687266346227
757.56432605,2.931715877012282
757.97785798,3.040665293354696
758.39135852,2.9002822919050892
758.80482762,2.918440527962158
759.21826523,2.793621728847178
759.63167129,2.6598001068131545
760.04504575,2.5380331120775157
760.45838856,2.4762340733958954
760.87169966,2.4827954528114766
761.28497901,2.1605249103532476
761.69822654,2.2281223773556142
762.11144221,2.113832303349353
762.52462597,2.0396734569314106
762.93777775,1.9754329747463188
763.35089751,1.8791485465781648
763.7639852,1.9995422293430973
764.17704075,1.7831692988479446
764.59006413,1.6972610055695423
765.00305527,1.7320515754940118
765.41601412,1.7753871976806277
765.82894063,1.7387655451285564
766.24183474,1.5838864728770883
766.65469641,1.65575646601053
767.06752558,1.6745250629434647
767.4803222,1.7074845502403306
767.89308621,1.647669184405279
768.30581756,1.7805752651255045
768.7185162,1.8226901655603864
769.13118208,1.8109407186999302
769.54381513,1.8980697337300683
769.95641532,1.9824521248187992
770.36898258,2.0207522697795053
770.78151687,2.007629510948348
771.19401813,2.0106813153276875
771.6064863,1.8713664454108478
772.01892134,1.9938963912413215
772.43132319,2.043793392843517
772.8436918,1.9429312581063538
773.25602711,2.084229800869762
773.66832908,2.038452735179673
774.08059764,2.156557564660103
774.49283275,2.0881971465629032
774.90503436,2.1722743572137055
775.3172024,2.218051422903791
775.72933684,2.013275349050124
776.1414376,2.054322117952239
776.55350465,2.1228351262684058
776.96553793,2.1364156557564655
777.37753738,2.0265506981002517
777.78950296,1.9983215075913634
778.2014346,2.0030518043793393
778.61333227,2.153353170061802
779.02519589,1.953917753871977
779.43702543,1.9749752040894162
779.84882082,1.928892957961395
780.26058202,1.971007858396277
780.67230897,1.9369802395666422
781.08400162,1.9067673762111834
781.49565991,1.9464408331425957
781.9072838,1.8603799496452282
782.31887323,1.8239108873121221
782.73042814,1.9363698786907761
783.14194849,1.8077363241016258
783.55343422,1.8301670862897677
783.96488528,1.7476157778286403
784.37630161,1.8912031738765531
784.78768316,1.816281376363774
785.19902988,1.8510719462882435
785.61034172,1.7602807660029
786.02161862,1.627374685282673
786.43286053,1.7431906614785984
786.8440674,1.6836804760814825
787.25523917,1.6998550392919807
787.66637579,1.6948195620660726
788.07747722,1.7282368200198377
788.48854338,1.6136415655756462
788.89957424,1.5437552452887768
789.31056974,1.5965514610513463
789.72152982,1.580529488059815
790.13245443,1.6363775082017238
790.54334353,1.6083009079118025
790.95419705,1.4245822842755782
791.36501495,1.5240711070420367
791.77579717,1.6491950865949487
792.18654366,1.5289539940489814
792.59725436,1.4586099031052093
793.00792922,1.5622186617837794
793.4185682,1.4760051880674432
793.82917123,1.4473182269016558
794.23973826,1.4711223010605021
794.65026924,1.3887235828183417
795.06076412,1.4483863584344245
795.47122285,1.3690394445716034
795.88164536,1.4439612420843808
796.29203162,1.408560311284047
796.70238156,1.3794155794613552
797.11269513,1.4454871442740505
797.52297228,1.299610894941635
797.93321296,1.3673609521629668
798.34341711,1.3945220111390846
798.75358468,1.3266193636987857
799.16371562,1.312886243991759
799.57380988,1.2976272220950626
799.98386739,1.3745326924544123
800.39388812,1.3131914244296947
800.803872,1.3925383382925158
801.21381898,1.3470664530403589
801.62372901,1.2304875257495986
802.03360204,1.2924391546501877
802.44343801,1.2597848477912574
802.85323687,1.275501640344853
803.26299857,1.2722972457465467
803.67272306,1.254139009689478
804.08241027,1.177386129549097
804.49206017,1.2404058899824513
804.90167269,1.2674143587396056
805.31124778,1.1984435797665363
805.7207854,1.1708247501335158
806.13028548,1.1525139238574802
806.53974797,1.2141603723201353
806.94917283,1.1766231784542622
807.35855999,1.2133974212253005
807.7679094,1.1203173876554526
808.17722102,1.1300831616693383
808.58649479,1.2224002441443513
808.99573066,1.1776913099870292
809.40492856,1.123064011596858
809.81408846,1.1586175326161587
810.22321029,1.0736247806515617
810.63229401,1.0534828717479208
811.04133956,1.0789654383154055
811.45034689,1.0540932326237886
811.85931594,1.0611123826962672
812.26824666,1.0365453574425878
812.67713901,1.0144197756923763
813.08599291,1.077744716563668
813.49480834,1.0167086289768807
813.90358522,1.0572976272220949
814.31232351,0.9514000152590221
814.72102315,0.9924467841611335
815.12968409,0.9614709697108417
815.53830629,0.9587243457694345
815.94688967,1.0090791180285343
816.3554342,0.9839017318989836
816.76393982,0.9988555733577478
817.17240648,0.9539940489814605
817.58083412,0.8773937590600429
817.98922269,0.9033340962844267
818.39757213,0.943312733653773
818.8058824,0.8964675364309151
819.21415345,0.9015030136568232
819.62238521,0.7748531319142433
820.03057763,0.9311055161364159
820.43873067,0.7550164034485363
820.84684427,0.8667124437323572
821.25491837,0.8238345922026387
821.66295293,0.7458609903105202
822.07094788,0.8108644235904467
822.47890319,0.7357900358587024
822.88681879,0.7800411993591219
823.29469463,0.7612726024261836
823.70253066,0.7835507743953602
824.11032682,0.8235294117647065
824.51808307,0.7089341573205168
824.92579935,0.780193789578087
825.3334756,0.7318226901655596
825.74111178,0.7017624170290677
826.14870783,0.7263294422827489
826.55626369,0.7461661707484541
826.96377932,0.7225146868085766
827.37125467,0.7391470206759738
827.77868967,0.7376211184863042
828.18608427,0.7914854657816441
828.59343843,0.7208361943999382
829.00075209,0.7731746395056085
829.4080252,0.7588311589227121
829.81525769,0.7690547035935005
830.22244953,0.7335011825741979
830.62960066,0.7023727779049356
831.03671103,0.7748531319142433
831.44378057,0.7342641336690328
831.85080924,0.6660563057907982
832.25779699,0.755016403448538
832.66474376,0.7260242618448149
833.07164951,0.7518120088502336
833.47851417,0.6984054322117963
833.88533769,0.6807049668116285
834.29212002,0.7574578469520095
834.69886111,0.7966735332265209
835.10556091,0.7083237964446489
835.51221936,0.7309071488517596
835.91883641,0.7577630273899452
836.325412,0.7287708857862221
836.73194609,0.687876707103074
837.13843861,0.7319752803845283
837.54488953,0.7089341573205168
837.95130049,0.8133058670939199
838.35770082,0.7196154726482042
838.76410116,0.6967269398031597
839.17050149,0.6233310444800484
839.57690183,0.7109178301670855
839.98330216,0.7510490577553988
840.3897025,0.6887922484168758
840.79610283,0.7339589532310988
841.20250317,0.7168688487067971
841.6089035,0.7821774624246594
842.01530384,0.7035934996566731
842.42170417,0.7278553444724185
842.82810451,0.6753643091477848
843.23450485,0.7318226901655613
843.64090518,0.6620889600976572
844.04730552,0.7200732433051034
844.45370585,0.6686503395132384
844.86010619,0.7251087205310149
845.26650652,0.7405203326466765
845.67290686,0.6717021438925777
846.07930719,0.7186999313344007
846.48570753,0.6419470511940197
846.89210786,0.6234836346990171
847.2985082,0.6861982146944392
847.70490854,0.6825360494392303
848.11130887,0.7046616311894383
848.51770921,0.6547646295872447
848.92410954,0.6349279011215394
849.33050988,0.7151903562981623
849.73691021,0.7080186160067132
850.14331055,0.6843671320668339
850.54971088,0.6968795300221267
850.95611122,0.6497291523613331
851.36251155,0.5952544441901271
851.76891189,0.7035934996566731
852.17531222,0.7200732433051034
852.58171256,0.6556801709010465
852.9881129,0.6251621271076537
853.39451323,0.6672770275425339
853.80091357,0.6475928892957956
854.2073139,0.6427100022888546
854.61371424,0.6083772030212877
855.02011457,0.7067978942549793
855.42651491,0.5711451895933468
855.83291524,0.6776531624322892
856.23931558,0.6350804913405064
856.64571591,0.6210421911955439
857.05211625,0.5757228961623557
857.45851658,0.6224155031662466
857.86491692,0.6849774929427017
858.27131726,0.6294346532387269
858.67771759,0.5639734493019013
859.08411793,0.5825894560158691
859.49051826,0.603036545357444
859.8969186,0.5807583733882655
860.30331893,0.6593423361562536
860.70971927,0.6422522316319519
861.1161196,0.6393530174715796
861.52251994,0.6414892805371171
861.92892027,0.6610208285648902
862.33532061,0.6572060730907161
862.74172095,0.6150911726558341
863.14812128,0.56595712214847
863.55452162,0.6994735637445633
863.96092195,0.5763332570382254
864.36732229,0.6678873884184036
864.77372262,0.675211718928816
865.18012296,0.6178377965972377
865.58652329,0.6390478370336456
865.99292363,0.6051728084229797
866.39932396,0.549172198062104
866.8057243,0.6350804913405064
867.21212463,0.595559624628061
867.61852497,0.6442359044785242
868.02492531,0.629129472800793
868.43132564,0.666819256885633
868.83772598,0.5636682688639656
869.24412631,0.6367589837491412
869.65052665,0.5719081406881816
870.05692698,0.5923552300297565
870.46332732,0.5868619821469458
870.86972765,0.6193636987869073
871.27612799,0.5856412603952084
871.68252832,0.5758754863813227
872.08892866,0.5342183566033416
872.49532899,0.6648355840390643
872.90172933,0.6175326161593055
873.30812967,0.5929655909056244
873.71453,0.632486457618068
874.12093034,0.6558327611200117
874.52733067,0.591287098496986
874.93373101,0.5944914930952923
875.34013134,0.5839627679865735
875.74653168,0.6587319752803857
876.15293201,0.6262302586404207
876.55933235,0.6436255436026546
876.96573268,0.569314106965745
877.37213302,0.5717555504692164
877.77853336,0.5590905622949567
878.18493369,0.528572518501564
878.59133403,0.5400167849240862
878.99773436,0.5688563363088424
879.4041347,0.6379797055008769
879.81053503,0.6330968184939341
880.21693537,0.591134508278019
880.6233357,0.6495765621423679
881.02973604,0.5902189669642173
881.43613637,0.5831998168917387
881.84253671,0.6355382619974055
882.24893704,0.5662623025864058
882.65533738,0.6169222552834359
883.06173772,0.6805523765926598
883.46813805,0.6559853513389786
883.87453839,0.6048676279850458
884.28093872,0.5447470817120621
884.68733906,0.6097505149919904
885.09373939,0.6250095368886868
885.50013973,0.6202792401007091
885.90654006,0.6163118944075681
886.3129404,0.6186007476920725
886.71934073,0.6382848859388108
887.12574107,0.6259250782024885
887.5321414,0.4826428625925079
887.93854174,0.6205844205386448
888.34494208,0.4965285725184998
888.75134241,0.615854123750669
889.15774275,0.5931181811245914
889.56414308,0.5687037460898772
889.97054342,0.5958648050659967
890.37694375,0.5894560158693825
890.78334409,0.646066987106126
891.18974442,0.6596475165941857
891.59614476,0.6175326161593055
892.00254509,0.6108186465247574
892.40894543,0.5447470817120621
892.81534577,0.5688563363088424
893.2217461,0.6120393682764949
893.62814644,0.5311665522240041
894.03454677,0.6707866025787759
894.44094711,0.6483558403906304
894.84734744,0.5561913481345844
895.25374778,0.6253147173266189
895.66014811,0.5514610513466067
896.06654845,0.7156481269550614
896.47294878,0.5529869535362781
896.87934912,0.5214007782101184
897.28574945,0.5831998168917387
897.69214979,0.5479514763103701
898.09855013,0.6091401541161225
898.50495046,0.5917448691538851
898.9113508,0.6343175402456716
899.31775113,0.5616845960173951
899.72415147,0.6718547341115428
900.1305518,0.5722133211261156
900.53695214,0.6338597695887689
900.94335247,0.683756771190966
901.34975281,0.6404211490043501
901.75615314,0.5775539787899593
902.16255348,0.6240939955748832
902.56895381,0.5830472266727718
902.97535415,0.6938277256427874
903.38175449,0.5769436179140932
903.78815482,0.6256198977645528
904.19455516,0.5772487983520254
904.60095549,0.5441367208361942
905.00735583,0.5571068894483879
905.41375616,0.6276035706111234
905.8201565,0.515754940108339
906.22655683,0.6718547341115428
906.63295717,0.5052262149996185
907.0393575,0.5586327916380576
907.44575784,0.5210955977721827
907.85215818,0.6005951018539726
908.25855851,0.5583276112001219
908.66495885,0.5906767376211199
909.07135918,0.5458152132448326
909.47775952,0.595712214847028
909.88415985,0.5355916685740443
910.29056019,0.56595712214847
910.69696052,0.566109712367437
911.10336086,0.45517662317845264
911.50976119,0.5731288624399173
911.91616153,0.5690089265278093
912.32256186,0.4896620126649882
912.7289622,0.5796902418554968
913.13536254,0.5474937056534674
913.54176287,0.5499351491569389
913.94816321,0.5302510109102005
914.35456354,0.4304570077058081
914.76096388,0.4791332875562677
915.16736421,0.5676356145571084
915.57376455,0.5304036011291693
915.98016488,0.5929655909056244
916.38656522,0.5461203936827648
916.79296555,0.5720607309071468
917.19936589,0.510719462882431
917.60576622,0.5770962081330602
918.01216656,0.5516136415655755
918.4185669,0.4620431830319678
918.82496723,0.47959105821316683
919.23136757,0.46936751354238204
919.6377679,0.4913405050736248
920.04416824,0.48325322346837574
920.45056857,0.5781643396658271
920.85696891,0.5062943465323855
921.26336924,0.6155489433127332
921.66976958,0.5314717326619345
922.07616991,0.5345235370412755
922.48257025,0.5528343633173112
922.88897059,0.4892042420080873
923.29537092,0.5128557259479685
923.70177126,0.5131609063859006
924.10817159,0.561074235141529
924.51457193,0.4455634393835357
924.92097226,0.5168230716411077
925.3273726,0.4640268558785383
925.73377293,0.5123979552910658
926.14017327,0.47653925383382933
926.5465736,0.4071107042038591
926.95297394,0.44327458609903125
927.35937427,0.3903257801174931
927.76577461,0.47577630273899274
928.17217495,0.4361028458075822
928.57857528,0.49286640726329445
928.98497562,0.47684443427176326
929.39137595,0.47638666361486415
929.79777629,0.4071107042038591
930.20417662,0.4699778744182481
930.61057696,0.3678950179293512
931.01697729,0.45654993514915887
931.42337763,0.4925612268253605
931.82977796,0.39887083237964305
932.2361783,0.4090943770504314
932.64257864,0.3944457160296011
933.04897897,0.4025329976348502
933.45537931,0.38422217135881453
933.86177964,0.39459830624856984
934.26817998,0.4142824444953064
934.67458031,0.40161745632105017
935.08098065,0.4393072404058884
935.48738098,0.4351873044937822
935.89378132,0.5242999923704907
936.30018165,0.38422217135881453
936.70658199,0.42938887617303756
937.11298232,0.3776607919432369
937.51938266,0.33844510566872543
937.925783,0.36255436026550747
938.33218333,0.3581292439154655
938.73858367,0.41016250858319836
939.144984,0.3712520027466226
939.55138434,0.39078355077439575
939.95778467,0.3204394598306237
940.36418501,0.3501945525291834
940.77058534,0.35980773632410035
941.17698568,0.3894102388036931
941.58338601,0.40268558785381714
941.98978635,0.4086366063935287
942.39618668,0.3355458915083531
942.80258702,0.35339894712748965
943.20898736,0.2914473182269006
943.61538769,0.25131609063859095
944.02178803,0.2789349202716096
944.42818836,0.25864042114900343
944.8345887,0.2967879758907461
945.24098903,0.27450980392156765
945.64738937,0.25558861676966416
946.0537897,0.34744792858777807
946.46019004,0.34683756771190843
946.86659037,0.3880369268329886
947.27299071,0.2755779354543364
947.67939105,0.24551766231784455
948.08579138,0.36911573968108513
948.49219172,0.33371480888075133
948.89859205,0.3196765087357907
949.30499239,0.2844281681544203
949.71139272,0.24231326771953832
950.11779306,0.30563820859082824
950.52419339,0.2491798275730499
950.93059373,0.231021591515983
951.33699406,0.27695124742503907
951.7433944,0.27100022888532926
952.14979473,0.2499427786678865
952.55619507,0.23529411764705976
952.96259541,0.21026932173647594
953.36899574,0.2554360265506972
953.77539608,0.20248722056916257
954.18179641,0.2529945830472258
954.58819675,0.2330052643625553
954.99459708,0.2725261310749989
955.40099742,0.2507057297627213
955.80739775,0.22583352407110624
956.21379809,0.2104219119554429
956.62019842,0.2600137331197061
957.02659876,0.19333180743114475
957.43299909,0.25558861676966416
957.83939943,0.28244449530785154
958.24579977,0.2993820096131845
958.6522001,0.214236667429617
959.05860044,0.23956664377813475
959.46500077,0.25848783093003647
959.87140111,0.26092927443350966
960.27780144,0.21530479896238752
960.68420178,0.22354467078660178
961.09060211,0.2713054093232614
961.49700245,0.2633707179369811
961.90340278,0.2238498512245375
962.30980312,0.2163729304951545
962.71620346,0.22125581750209733
963.12260379,0.2519264515144588
963.52900413,0.16357671473258684
963.93540446,0.18631265735866442
964.3418048,0.259555962462807
964.74820513,0.25986114290073914
965.15460547,0.25314717326619274
965.5610058,0.2749675745784703
965.96740614,0.21011673151751076
966.37380647,0.28747997253375956
966.78020681,0.1562523842221708
967.18660714,0.12024109254596738
967.59300748,0.2497901884489213
967.99940782,0.2528419928282606
968.40580815,0.22369726100557052
968.81220849,0.19882505531395367
969.21860882,0.23788815136949637
969.62500916,0.2334630350194562
970.03140949,0.17135881589989843
970.43780983,0.2792401007095435
970.84421016,0.2641336690318159
971.2506105,0.16311894407568417
971.65701083,0.2609292744335079
972.06341117,0.2844281681544203
972.4698115,0.2351415274280928
972.87621184,0.16296635385671543
973.28261218,0.20218204013122687
973.68901251,0.20859082932784112
974.09541285,0.2619974059662784
974.50181318,0.1910429541466403
974.90821352,0.3024338139925238
975.31461385,0.2526894026092936
975.72101419,0.28747997253375956
976.12741452,0.23147936217288567
976.53381486,0.1995880064087885
976.94021519,0.14862287327382262
977.34661553,0.25589379720759986
977.75301587,0.21896696421759287
978.1594162,0.25589379720759986
978.56581654,0.17166399633783413
978.97221687,0.21911955443656161
979.37861721,0.22766460669871158
979.78501754,0.24368657969024454
980.19141788,0.21103227283131076
980.59781821,0.2676432440680543
981.00421855,0.27191577019913105
981.41061888,0.2990768291752506
981.81701922,0.28503852903028815
982.22341955,0.2334630350194562
982.62981989,0.2629129472800784
983.03622023,0.2288853284504455
983.44262056,0.25467307545586415
983.8490209,0.2883955138475631
984.25542123,0.25345235370412844
984.66182157,0.2839703974975212
985.0682219,0.2545204852368954
985.47462224,0.2183566033417268
985.88102257,0.22751201647974462
986.28742291,0.25101091020065525
986.69382324,0.19455252918288046
987.10022358,0.2842755779354533
987.50662391,0.2331578545815205
987.91302425,0.24963759822995435
988.31942459,0.19684138246738492
988.72582492,0.21622034027619108
989.13222526,0.22430762188143838
989.53862559,0.17669947356374394
989.94502593,0.21606775005722234
990.35142626,0.1869230182345305
990.7578266,0.23956664377813475
991.16422693,0.21698329137102412
991.57062727,0.16281376363775202
991.9770276,0.26520180056458287
992.38342794,0.22858014801251159
992.78982828,0.2923628595407042
993.19622861,0.2529945830472258
993.60262895,0.2903791866941319
994.00902928,0.2755779354543382
994.41542962,0.2546730754558624
994.82182995,0.20569161516746703
995.22823029,0.21942473487449377
995.63463062,0.26184481574731144
996.04103096,0.3221179522392621
996.44743129,0.23361562523842316
996.85383163,0.23910887312123386
997.26023196,0.19836728465705455
997.6666323,0.3071641107804979
998.07303264,0.27054245822842304
998.47943297,0.22125581750209733
998.88583331,0.22980086976424907
999.29223364,0.21286335545891433
999.69863398,0.2209506370641634
1000.10503431,0.2554360265506972
1000.51143465,0.2905317769131006
